Time,Temperature,Humidity,Pressure,Wind_Speed,Rainfall,Weather_Code
2026-09-05T00:00,26.9,95,1007.0,9.9,0.2,51
2026-09-05T01:00,26.6,96,1006.2,7.5,0.1,51
2026-09-05T02:00,26.4,96,1005.8,6.3,0.0,3
2026-09-05T03:00,26.3,97,1005.8,5.6,0.0,3
2026-09-05T04:00,26.2,97,1005.4,5.2,0.0,3
2026-09-05T05:00,26.5,97,1006.1,5.6,0.0,3
2026-09-05T06:00,26.7,96,1006.5,5.4,0.0,3
2026-09-05T07:00,27.5,93,1006.9,5.7,0.0,3
2026-09-05T08:00,28.7,87,1007.2,7.3,0.0,3
2026-09-05T09:00,29.9,82,1007.5,7.2,0.1,51
2026-09-05T10:00,30.3,79,1007.4,6.0,0.1,51
2026-09-05T11:00,30.6,75,1007.6,5.0,0.1,51
2026-09-05T12:00,31.0,74,1006.5,3.9,0.5,95
2026-09-05T13:00,31.3,70,1005.2,4.0,0.3,51
2026-09-05T14:00,31.1,72,1004.2,5.4,0.4,95
2026-09-05T15:00,31.0,73,1003.8,5.8,0.2,51
2026-09-05T16:00,30.1,79,1003.7,6.9,0.0,3
2026-09-05T17:00,29.4,81,1004.6,1.4,0.0,3
2026-09-05T18:00,29.2,83,1005.3,0.3,0.0,3
2026-09-05T19:00,28.8,86,1006.1,2.1,0.0,3
2026-09-05T20:00,28.5,88,1006.8,1.8,0.0,3
2026-09-05T21:00,28.1,91,1007.4,2.7,0.0,3
2026-09-05T22:00,27.9,93,1007.6,3.1,0.0,2
2026-09-05T23:00,28.4,87,1007.1,2.7,0.0,3
2026-09-06T00:00,27.5,93,1006.8,5.6,0.2,51
2026-09-06T01:00,27.2,93,1006.5,3.3,0.3,51
2026-09-06T02:00,26.1,96,1006.4,9.4,2.2,95
2026-09-06T03:00,25.8,99,1005.7,5.7,0.2,51
2026-09-06T04:00,26.0,99,1005.9,4.4,0.1,51
2026-09-06T05:00,26.3,99,1005.9,2.8,0.0,3
2026-09-06T06:00,26.7,96,1006.7,5.4,0.0,3
2026-09-06T07:00,27.7,93,1007.7,4.5,0.0,3
2026-09-06T08:00,29.0,86,1007.7,6.7,0.1,51
2026-09-06T09:00,30.2,77,1008.0,8.0,0.1,51
2026-09-06T10:00,31.1,72,1007.8,6.1,0.0,2
2026-09-06T11:00,31.7,65,1007.9,5.8,0.1,51
2026-09-06T12:00,32.2,63,1006.6,7.3,0.1,51
2026-09-06T13:00,32.3,64,1005.9,5.9,0.1,51
2026-09-06T14:00,32.0,67,1004.7,6.4,0.0,2
2026-09-06T15:00,31.8,69,1004.2,5.0,0.0,3
2026-09-06T16:00,29.7,81,1004.2,6.9,1.1,95
2026-09-06T17:00,30.0,76,1004.9,2.6,0.2,51
2026-09-06T18:00,28.7,86,1005.9,4.1,0.0,3
2026-09-06T19:00,28.4,87,1007.1,3.6,0.0,3
2026-09-06T20:00,28.2,88,1007.7,2.5,0.0,3
2026-09-06T21:00,28.1,88,1008.0,3.2,0.0,3
2026-09-06T22:00,28.0,88,1008.0,3.8,0.0,3
2026-09-06T23:00,28.4,85,1007.5,6.6,0.0,2
2026-09-07T00:00,27.8,88,1007.1,6.6,0.0,1
2026-09-07T01:00,27.5,90,1006.4,6.4,0.0,0
2026-09-07T02:00,27.2,92,1006.1,8.0,0.0,1
2026-09-07T03:00,27.0,94,1005.8,6.2,0.0,2
2026-09-07T04:00,26.9,94,1005.7,5.1,0.0,2
2026-09-07T05:00,27.0,97,1006.0,3.6,0.0,2
2026-09-07T06:00,27.3,94,1006.3,3.8,0.0,3
2026-09-07T07:00,28.0,90,1007.0,5.4,0.0,3
2026-09-07T08:00,28.9,84,1007.5,7.2,0.0,0
2026-09-07T09:00,30.1,78,1007.9,9.5,0.0,1
2026-09-07T10:00,30.9,74,1007.4,7.1,0.1,51
2026-09-07T11:00,30.8,70,1007.8,7.1,0.1,51
2026-09-07T12:00,31.4,68,1006.4,6.0,0.0,2
2026-09-07T13:00,31.4,70,1005.1,7.3,0.1,51
2026-09-07T14:00,31.5,70,1003.8,6.9,0.1,51
2026-09-07T15:00,31.2,70,1002.7,7.4,0.3,51
2026-09-07T16:00,30.8,72,1002.8,6.7,0.1,51
2026-09-07T17:00,30.0,79,1004.1,5.2,1.0,95
2026-09-07T18:00,28.9,85,1004.8,4.9,0.0,2
2026-09-07T19:00,28.4,87,1005.2,4.5,0.0,2
2026-09-07T20:00,28.0,89,1005.6,3.5,0.0,1
2026-09-07T21:00,28.1,88,1006.4,0.9,0.0,1
2026-09-07T22:00,27.8,91,1006.7,2.4,0.0,2
2026-09-07T23:00,28.4,92,1006.1,2.7,0.0,3
2026-09-08T00:00,27.9,93,1006.0,7.2,0.1,51
2026-09-08T01:00,27.3,92,1005.5,8.2,0.0,3
2026-09-08T02:00,26.9,93,1004.8,4.5,0.0,1
2026-09-08T03:00,26.7,94,1004.7,2.9,0.0,1
2026-09-08T04:00,26.6,96,1004.6,3.2,0.0,0
2026-09-08T05:00,26.8,95,1004.8,5.6,0.0,2
2026-09-08T06:00,27.1,93,1005.2,7.4,0.0,2
2026-09-08T07:00,27.8,89,1006.2,6.9,0.0,2
2026-09-08T08:00,29.0,83,1006.4,4.6,0.0,3
2026-09-08T09:00,30.3,77,1006.7,4.8,0.0,3
2026-09-08T10:00,31.0,74,1006.5,4.6,0.1,51
2026-09-08T11:00,31.5,73,1006.1,4.7,0.0,1
2026-09-08T12:00,31.6,73,1005.0,7.1,0.2,95
2026-09-08T13:00,31.9,71,1003.5,5.9,0.1,51
2026-09-08T14:00,32.1,69,1002.7,3.6,0.0,0
2026-09-08T15:00,30.5,76,1002.5,8.1,0.2,95
2026-09-08T16:00,28.2,88,1002.3,5.3,2.5,96
2026-09-08T17:00,28.7,86,1002.9,3.9,0.5,53
2026-09-08T18:00,27.8,92,1003.6,6.0,0.0,2
2026-09-08T19:00,27.5,93,1004.5,7.1,0.0,2
2026-09-08T20:00,27.4,93,1005.3,6.8,0.0,2
2026-09-08T21:00,27.5,94,1006.1,6.3,0.0,1
2026-09-08T22:00,27.4,95,1006.1,6.7,0.0,2
2026-09-08T23:00,28.0,91,1005.1,8.5,0.0,3
2026-09-09T00:00,27.6,92,1005.0,7.6,0.0,3
2026-09-09T01:00,27.4,93,1004.8,5.6,0.0,3
2026-09-09T02:00,27.2,95,1004.3,4.4,0.0,3
2026-09-09T03:00,27.1,95,1004.1,6.0,0.0,3
2026-09-09T04:00,27.0,96,1004.2,4.9,0.0,3
2026-09-09T05:00,27.0,94,1004.7,4.9,0.0,3
2026-09-09T06:00,27.3,94,1005.0,5.6,0.0,3
2026-09-09T07:00,28.4,89,1005.5,4.3,0.0,2
2026-09-09T08:00,29.8,81,1006.1,5.2,0.0,1
2026-09-09T09:00,31.0,75,1006.6,4.1,0.0,1
2026-09-09T10:00,31.7,72,1006.6,4.4,0.1,95
2026-09-09T11:00,31.7,71,1006.7,3.9,0.1,95
2026-09-09T12:00,31.9,71,1005.4,3.6,0.1,51
2026-09-09T13:00,32.1,68,1004.0,6.3,0.1,51
2026-09-09T14:00,32.5,64,1002.9,2.4,0.3,51
2026-09-09T15:00,30.3,78,1002.6,7.3,1.3,96
2026-09-09T16:00,28.2,87,1003.5,10.5,3.5,96
2026-09-09T17:00,28.8,90,1003.8,6.0,2.5,96
2026-09-09T18:00,28.1,93,1005.0,5.4,1.7,96
2026-09-09T19:00,27.6,95,1005.5,3.9,1.6,96
2026-09-09T20:00,27.6,95,1006.7,1.8,0.4,95
2026-09-09T21:00,27.6,95,1007.1,1.7,0.7,95
2026-09-09T22:00,27.7,95,1007.1,0.8,0.0,3
2026-09-09T23:00,28.2,91,1006.5,2.1,0.0,3
2026-09-10T00:00,27.7,94,1006.5,5.2,0.1,51
2026-09-10T01:00,27.2,95,1006.1,6.8,0.2,51
2026-09-10T02:00,27.0,95,1006.0,5.0,0.2,51
2026-09-10T03:00,26.7,96,1005.6,3.2,0.1,51
2026-09-10T04:00,26.6,96,1005.9,3.0,0.0,3
2026-09-10T05:00,27.4,93,1006.0,4.4,0.0,3
2026-09-10T06:00,27.6,93,1006.3,6.0,0.0,3
2026-09-10T07:00,27.5,93,1007.2,6.1,1.0,95
2026-09-10T08:00,27.6,93,1007.6,6.9,0.9,95
2026-09-10T09:00,28.3,92,1008.0,3.3,0.7,95
2026-09-10T10:00,29.1,89,1008.0,2.4,0.4,95
2026-09-10T11:00,30.8,77,1007.7,3.2,0.4,95
2026-09-10T12:00,31.4,75,1006.2,4.7,0.0,3
2026-09-10T13:00,31.5,74,1004.9,5.9,0.0,3
2026-09-10T14:00,27.9,87,1004.6,14.9,4.6,96
2026-09-10T15:00,27.2,91,1003.8,1.5,2.0,80
2026-09-10T16:00,27.8,89,1003.8,6.3,0.0,3
2026-09-10T17:00,29.3,84,1003.8,0.9,0.0,2
2026-09-10T18:00,28.6,91,1005.4,1.3,0.0,3
2026-09-10T19:00,28.2,93,1006.2,6.7,0.0,2
2026-09-10T20:00,27.1,95,1007.7,9.6,3.4,96
2026-09-10T21:00,27.0,95,1007.4,5.5,1.1,55
2026-09-10T22:00,27.3,93,1007.3,4.3,0.0,1
2026-09-10T23:00,27.5,96,1006.8,3.6,0.0,0
2026-09-11T00:00,27.3,94,1006.7,5.1,0.0,1
2026-09-11T01:00,27.2,94,1006.4,5.8,0.0,3
2026-09-11T02:00,27.2,95,1006.3,7.5,0.0,2
2026-09-11T03:00,27.1,95,1006.2,8.7,0.0,0
2026-09-11T04:00,27.0,94,1006.5,10.8,0.0,0
2026-09-11T05:00,27.4,93,1007.2,13.2,0.0,3
2026-09-11T06:00,27.5,90,1007.6,15.6,0.0,3
2026-09-11T07:00,28.1,86,1008.2,14.7,0.0,3
2026-09-11T08:00,28.8,82,1008.5,15.0,0.0,1
2026-09-11T09:00,30.2,75,1008.5,17.0,0.0,1
2026-09-11T10:00,31.2,70,1008.5,17.2,0.0,1
2026-09-11T11:00,30.5,70,1008.9,18.7,0.0,1
2026-09-11T12:00,31.3,69,1007.8,16.5,0.3,51
2026-09-11T13:00,31.6,68,1006.3,16.8,0.0,0
2026-09-11T14:00,31.8,67,1005.0,16.5,0.0,1
2026-09-11T15:00,31.0,73,1004.7,13.7,0.3,95
2026-09-11T16:00,29.3,84,1004.7,12.4,0.8,95
2026-09-11T17:00,28.7,86,1005.2,14.5,0.3,95
2026-09-11T18:00,27.9,87,1005.9,14.4,0.0,2
2026-09-11T19:00,27.5,88,1006.9,13.8,0.0,1
2026-09-11T20:00,27.4,87,1008.3,14.9,0.0,1
2026-09-11T21:00,27.4,86,1008.8,16.7,0.0,0
2026-09-11T22:00,27.4,86,1008.9,17.6,0.0,0
2026-09-11T23:00,27.7,87,1008.5,17.7,0.0,1
2026-09-12T00:00,27.3,87,1008.5,17.3,0.0,0
2026-09-12T01:00,27.1,86,1008.3,16.3,0.0,0
2026-09-12T02:00,26.8,86,1007.7,14.8,0.0,1
2026-09-12T03:00,26.8,86,1007.4,15.1,0.0,0
2026-09-12T04:00,26.5,87,1007.6,15.2,0.0,0
2026-09-12T05:00,26.9,87,1008.1,15.3,0.0,0
2026-09-12T06:00,27.1,87,1008.7,14.4,0.0,0
2026-09-12T07:00,28.0,85,1009.4,13.9,0.0,0
2026-09-12T08:00,29.2,79,1009.8,18.5,0.0,0
2026-09-12T09:00,30.2,74,1009.7,20.3,0.0,0
2026-09-12T10:00,31.2,69,1009.5,20.0,0.0,0
2026-09-12T11:00,31.5,65,1009.3,19.9,0.1,51
2026-09-12T12:00,31.9,65,1008.4,17.7,0.1,51
2026-09-12T13:00,32.3,64,1007.0,16.9,0.0,2
2026-09-12T14:00,32.3,64,1006.2,17.1,0.0,3
2026-09-12T15:00,31.8,67,1005.5,17.0,0.1,51
2026-09-12T16:00,30.8,73,1005.5,16.6,0.4,95
2026-09-12T17:00,29.9,78,1005.8,13.4,0.0,2
2026-09-12T18:00,29.0,81,1006.6,14.7,0.1,51
2026-09-12T19:00,28.5,82,1007.9,16.6,0.0,3
2026-09-12T20:00,28.3,82,1009.1,17.0,0.0,3
2026-09-12T21:00,28.2,84,1010.1,16.2,0.0,3
2026-09-12T22:00,27.9,85,1010.5,16.2,0.0,3
2026-09-12T23:00,27.6,86,1010.4,15.9,0.0,3
