Date,Temperature,Humidity,Pressure,Wind_Speed,Rainfall
2025-01-01,25.993428306022466,62.99389764057082,1013.9792262754884,9.67713367956567,3.8923521281298097
2025-01-02,24.861178246904306,65.86226206671456,1008.1081361119249,10.314540761264363,0.0
2025-01-03,26.570749969183353,64.54663782956779,1015.0412637785723,2.0071972618715694,3.327813941711798
2025-01-04,28.45901705060208,64.71408548439535,1004.4870819788108,13.665310698809925,0.0
2025-01-05,25.082112664971888,60.10291467868787,1018.1457781866283,11.385953903591972,0.3558124015622184
2025-01-06,25.21944447600121,63.83307889023302,1015.3629874120652,13.99204043943861,9.708627235364876
2025-01-07,28.983239210594263,65.94346599451572,1014.2801486715693,1.5850215127747571,18.35923603481125
2025-01-08,27.496533817500637,70.45259736548492,1017.9134549197275,18.353498819122912,8.157372238583848
2025-01-09,25.159281405036214,67.73717254872706,1021.3273722223129,9.441641487379306,0.0
2025-01-10,27.31959065248618,73.45127997759357,1018.0718503250906,14.432731266950066,8.556821345761126
2025-01-11,25.443509767826896,58.59386502283759,1003.7956288433418,5.8403762914978765,14.573051893165209
2025-01-12,25.57435417160544,66.53820253595472,1006.6021151663215,12.451095620250278,0.12173676544494239
2025-01-13,27.124760542081024,62.84014253066247,1009.8759071115217,5.786337747305375,3.9278626666166585
2025-01-14,22.948811614717727,72.62019197102587,1013.1304552510542,7.504924157216779,5.117505557833577
2025-01-15,23.459546463021535,57.37841708313499,1015.5882951023456,17.656125415467145,0.0
2025-01-16,25.91825130244755,56.97109136235331,1009.3712809342327,9.237270396946613,10.186243470750872
2025-01-17,25.150003019603997,57.9236644097683,1013.9338338223854,10.869731492718891,4.032414811137747
2025-01-18,27.93635412823542,50.05328488524183,1009.2230853382334,13.480270922755016,8.356259551256223
2025-01-19,25.623321646207888,57.79740652175186,1009.9424109850403,11.982727551890418,0.0
2025-01-20,24.745549890868332,56.38529176684604,1005.966694515759,10.601675620574305,1.5003335974127165
2025-01-21,30.631480734596014,60.68912543846934,1008.3838337694455,11.459844009864902,10.77905086262217
2025-01-22,27.377856376437904,61.403638046240225,1006.2415769719183,19.6136623409531,2.017334783265864
2025-01-23,28.092852752501233,68.83498605271933,1008.1206337351133,9.769524811865658,18.81571080986724
2025-01-24,25.235810877521942,63.967168097276144,1018.2682089830392,10.80439618685987,1.8029105150831812
2025-01-25,27.123138464597417,56.09316188359839,1008.2530055558403,14.202617584030449,6.797477806015087
2025-01-26,28.559394000318264,54.25002260407346,1026.161910324187,14.422103731831935,12.460726654984718
2025-01-27,26.160217585558843,60.96796196927606,1015.4665895044044,14.74812122224152,0.0
2025-01-28,29.337230770614628,51.675393838790626,1013.9241806184743,12.554920888116738,0.0
2025-01-29,27.507124787385198,67.20403976572901,1008.7082110990939,5.427980349078066,0.0
2025-01-30,28.246483221339755,63.71619300186961,1016.501549397045,16.533726129204382,15.100672827417457
2025-01-31,27.746791176821024,55.247488487076815,1010.1218108688112,5.414618427925248,0.585134832860426
2025-02-01,32.77392391983471,48.80426319676404,1013.6100490732268,11.210541860956132,25.465594285346018
2025-02-02,29.160330409448534,63.91812776034381,1025.800422691344,6.982896599922569,0.48601921074089116
2025-02-03,27.188619514394595,56.35722320066242,1012.5197005013767,9.74344661362803,6.4764104255762955
2025-02-04,31.064572329547335,62.902551862353015,1018.7463666314284,11.315049641213921,17.336879620543005
2025-02-05,27.091926750386897,48.5273353616614,1009.4841178743706,11.285428861801092,21.048743105272983
2025-02-06,30.06412937763992,53.29112078342413,1012.8250575475151,11.68768301694114,21.492028613091183
2025-02-07,25.838473247926558,56.10531819417947,1021.8540031781775,16.454845076234587,14.66692984474514
2025-02-08,27.211442863124148,56.10774991709682,1009.8651647110612,11.81413720605592,13.1925002064917
2025-02-09,30.370096459265188,53.41897141599077,1022.0622427899847,9.023373458837405,9.740215593609465
2025-02-10,31.56039156711224,58.58276514838483,1016.5387596772774,13.856348673153429,11.226888609333102
2025-02-11,30.53177305065979,49.932454437562306,1010.1876661205287,14.757881955698561,0.5905142693717327
2025-02-12,30.061780381161743,54.36358330125936,1016.1620386952776,5.08956873945203,0.0
2025-02-13,29.793341559484986,55.48482387606531,1017.8627722481336,12.389600279399431,4.973004340712383
2025-02-14,27.53937815705448,57.26640266193874,1016.109049811086,12.804690969243593,3.6385230198005725
2025-02-15,29.15597819962376,58.06619948466974,1005.1488764005477,8.809745986560031,1.3741756053817986
2025-02-16,29.77197543633462,48.701940206584034,1009.3643141208756,15.502827253246478,10.571099579653723
2025-02-17,32.90339675880513,46.4747685718832,1011.7624068222425,9.399777651869893,12.642441668564086
2025-02-18,31.570572762848805,60.35712876503277,1012.6278328544997,10.502305813886169,5.707255090334779
2025-02-19,27.449696390846974,55.45698874444963,1016.1033604877534,9.30771270286452,16.820240648442095
2025-02-20,31.71461440661809,49.88298019003879,1013.8885050046663,10.06231619032587,0.0
2025-02-21,30.385154054238868,61.21453747435355,1006.3232782064495,5.614899652419193,3.450724325762255
2025-02-22,29.888522807954285,53.87393540540266,1014.9009892550298,4.2397964696228225,0.0
2025-02-23,32.55091783173595,59.03230106896747,1016.0529287264192,16.378020252899887,0.0
2025-02-24,33.47288775038931,53.31717608443039,1015.7989522396553,6.612154606726689,4.338554513258406
2025-02-25,33.35487271029128,63.13065373929952,1018.4039036277732,6.034430602174771,4.026019932933732
2025-02-26,29.893377379974037,61.45455591267981,1017.1696107727445,1.3864395455851408,17.107597945937048
2025-02-27,31.030940259224035,51.287619862117516,1015.2959003961422,7.444153009241991,10.04649347643822
2025-02-28,32.38747410788295,57.2485786702546,1012.6491714427068,4.707640826370007,0.0
2025-03-01,33.74962698646494,55.47962337501282,1004.6951953324201,16.568060640545475,19.832740530673505
2025-03-02,30.911763190515842,58.9616984135247,1015.148091095663,14.039268357370537,14.768269564202823
2025-03-03,31.568332884509143,47.163537376155524,1014.0384384358156,7.247398619289105,9.656781627748927
2025-03-04,29.794463693141886,55.291881722828556,1014.3578941859769,19.009743221377235,3.188127209201345
2025-03-05,29.68012683138557,57.031109785097485,1006.6162571208985,13.927061947966378,0.0
2025-03-06,33.76090241646479,42.8265823709912,1007.5947172979587,8.70067446596551,2.022345791431576
2025-03-07,34.9095270143596,45.589244391887476,1018.2657642666645,0.0023771405057075867,13.709988957633488
2025-03-08,32.11209025926042,41.19863191915995,1012.8022242307168,19.16377029036297,20.07669044747687
2025-03-09,34.32008970126672,49.941046004997204,1016.4075034868631,4.441710132945616,17.345948226177512
2025-03-10,33.09104235182834,54.77314196323029,1013.1415918806523,3.4184050121724328,1.0892046257098071
2025-03-11,31.130093959423323,58.59866000679219,1013.1487806974787,14.090281728038562,0.0
2025-03-12,33.19348904160023,51.362915469754995,1017.69141902988,19.75900962535709,6.127089975289632
2025-03-13,35.5949215964671,59.045236858728025,1010.4197763589132,15.537091274042073,0.0
2025-03-14,32.49311902119724,43.915546897518404,1013.4806038847049,12.25563648020944,7.585341713478252
2025-03-15,35.73773944198924,42.21724005879692,1010.6886235564748,12.379017366661143,3.8191793096106506
2025-03-16,27.410388404555754,50.37873910663832,1010.8275188628385,13.413662235121231,1.271707985054062
2025-03-17,34.332843279728856,52.50338048661202,1011.4541393826568,13.035714359147061,0.0
2025-03-18,32.90001363771518,50.35042719470671,1014.1106688581685,11.124765695877503,9.108800852557732
2025-03-19,32.16249667388032,40.11183067202801,1010.6062568916826,10.416804415807505,0.7383932827047088
2025-03-20,32.97632519445037,49.94289297484975,1019.2787806278676,9.749627488401911,0.0
2025-03-21,28.847648902843467,43.809927374890876,1008.5269634889024,6.984141644533295,0.0
2025-03-22,32.411107986497846,53.62876569007605,1012.0656417791932,8.877299692532905,4.77988075959491
2025-03-23,33.59001567704023,52.06588397920286,1010.8013447086291,3.228172743218458,19.178012773357953
2025-03-24,35.85458362863492,45.490359432453424,1020.2348894217687,9.606641492821,18.29007371638296
2025-03-25,31.88291952415153,47.58167798700624,1013.9827738825579,6.04563557139633,1.3432299473098253
2025-03-26,31.32079046955708,44.82059924928626,1018.1592226973431,5.585642731136916,0.18230351710575565
2025-03-27,31.950229167982542,49.773335910224866,1005.5721981348152,10.719576604613914,8.75019404860019
2025-03-28,34.79815620458157,54.8369266602985,1014.3352513293463,15.568009145378397,0.0
2025-03-29,33.636102004184615,45.11149517169994,1017.4481539781171,13.673266424009253,7.414335198555728
2025-03-30,31.92796296171044,52.54370126025575,1013.4114199463771,3.717997585507292,11.128642227077522
2025-03-31,34.02053495614418,47.35996173954254,1018.3274018753267,6.04148745371865,14.81546579107446
2025-04-01,33.19230311453521,46.03910830898992,1010.4135577494982,13.763084751952864,4.198767388160378
2025-04-02,34.9372158989553,49.46498710418436,1020.0467372009279,6.070050425846762,3.370609998584273
2025-04-03,31.595227081483195,44.82503850808206,1024.4944906180963,9.101467400011902,0.0
2025-04-04,32.341045952303325,47.23855926295373,1011.1858071978018,12.200208396098208,0.0
2025-04-05,32.206821418415956,44.02741480328025,1010.7724873929961,6.126622180545459,3.188168864787786
2025-04-06,30.0563073906589,59.85486825160106,1020.2669223855885,10.42150202458384,7.938924054529425
2025-04-07,33.565511768162516,50.22643423354609,1020.8978607286535,4.663898020327182,12.308677009865995
2025-04-08,33.48295303316536,46.57479279352661,1010.3856998642336,7.594529424195145,0.0
2025-04-09,32.95628170742424,51.17104681465989,1010.8990659145207,11.279127736570148,16.941508551676172
2025-04-10,32.45973824519734,49.57164879164403,1011.5910769556974,3.628025065873323,2.83101119165945
2025-04-11,30.078679237757896,49.064988148848784,1006.2777474448286,11.761898951841596,4.82906164521251
2025-04-12,32.04629455417992,53.281611250759674,1008.406740267579,9.921448804293275,0.0
2025-04-13,32.17798338278632,54.04364027053679,1007.9792961662397,12.20995981766859,0.0
2025-04-14,31.23235499472068,47.653288887265006,1009.1610121744793,10.895656536258645,12.072363170888398
2025-04-15,32.48551298172693,47.48075053729107,1012.8265755630661,15.456561719895376,10.894751176739467
2025-04-16,33.58504728666157,49.04296856480586,1014.1710736626826,10.500898010591628,2.749379543054293
2025-04-17,36.51587406661358,38.97132743096112,1020.7525024640704,8.282377835498988,5.5359257377989755
2025-04-18,33.05692001417687,42.971986460545004,1008.0082297963061,10.489190012129136,9.127513741632796
2025-04-19,33.1848433173439,57.45360408241317,1017.921611992383,12.173192116145552,0.0
2025-04-20,32.48055614151124,58.919623618049734,1011.9300557788724,10.195440281302817,0.7675785812296416
2025-04-21,28.74935020949929,49.529396102035534,1012.7526814517379,10.162366764815529,11.354117436974617
2025-04-22,32.489061396224926,53.74136766442252,1016.374097460833,7.192033248772979,0.0
2025-04-23,32.6155111902455,52.50303057828621,1007.3863898921885,7.348396329796207,7.348463457333034
2025-04-24,37.37227567327441,66.4335450767065,1014.9120487309202,4.389578912801226,0.0
2025-04-25,32.0096038479825,56.73351372427649,1013.8322610410653,16.998306972747756,8.73143985946821
2025-04-26,32.94376369314237,50.59665765170526,1015.4622563200408,5.02454705843486,4.714868141620132
2025-04-27,32.21541350134324,46.563228345584626,1014.4458432195391,7.228379208816371,0.0
2025-04-28,29.88949034335841,43.41743136384187,1025.2765006995544,7.126370937723211,14.31791483565737
2025-04-29,34.45235995490931,52.57972881831248,1009.8113000787434,13.579697507777766,0.0
2025-04-30,33.60832464640949,47.89738643413608,1010.3450152249909,8.820201286831889,0.0
2025-05-01,33.622161525874375,44.68854839240859,1009.8842973678762,14.990968290694935,6.604553577847543
2025-05-02,30.154875640085095,48.69154079814754,1010.2226144041987,7.306037503024526,14.189098795429722
2025-05-03,34.71072564627149,46.64512806117935,1009.8130643634674,11.115976648895208,0.0
2025-05-04,29.030875232414054,60.62087562911542,1018.9450826555377,6.658611786960971,5.493438798783774
2025-05-05,32.93570664642505,56.7294629244513,1020.1025212399493,18.580596511093553,8.430532002644583
2025-05-06,36.06831508696906,52.42125460213736,1010.1462685312526,5.249606323881949,10.544844858105153
2025-05-07,29.6297609395299,60.00440771359148,1008.8382221344789,11.23928284090811,6.411532442217801
2025-05-08,30.399708952361784,53.13877076654935,1015.357077781932,12.535107523728394,2.0637772873334215
2025-05-09,31.65114230074284,48.59637979854451,1010.2388847785951,11.655196389805994,0.0
2025-05-10,30.36251160202853,60.672877429609045,1016.1646590887775,9.258849364489167,5.689151064370998
2025-05-11,28.183871978497454,55.909802392242575,1014.0146151042564,9.480717201066295,0.0
2025-05-12,31.33619828054838,48.19050860786211,1005.4212794250138,10.175245887916438,0.0
2025-05-13,28.986501474872135,52.589977417723816,1020.7375260066503,9.411991993486046,8.492478433261343
2025-05-14,31.96851948152643,49.33190632009608,1021.9793883654776,13.855516467179639,12.231478728689563
2025-05-15,29.09092761832116,46.96767118244938,1009.9360565475781,18.842092006365405,0.0
2025-05-16,33.93632924272698,58.687524426360895,1011.0614922003201,7.770032859968666,0.0
2025-05-17,29.17490872473522,63.78192949721122,1014.4293269536245,4.520788081683689,9.953234088041583
2025-05-18,30.000545848446073,47.42340797929662,1014.6722839499351,9.64687180659498,21.45996375769359
2025-05-19,32.173284249835156,57.41562778014819,1016.2927213633642,20.318837350617272,5.166349661403263
2025-05-20,27.98445864294822,51.53518601223562,1023.0510226938318,6.785301728121077,0.0
2025-05-21,30.799430782916527,52.54341511797352,1012.1152638625298,16.55646722177627,3.5368284711612787
2025-05-22,32.85553636623754,52.210685020669374,1009.0085137773077,16.710803256305763,15.999011353185479
2025-05-23,26.921471236770056,51.049225453052465,1006.1034038599273,7.785647033168022,0.0
2025-05-24,30.399370233831284,55.811165920786614,1009.3453498002904,12.275932316741102,0.0
2025-05-25,30.44204238820347,51.6159804184949,1012.8343651356311,16.51358649251415,1.1380518225437406
2025-05-26,31.376638249354,57.32792318052535,1021.972789317589,8.483489036050052,0.0
2025-05-27,27.228380596583623,55.93203066836722,1010.4119435048192,9.185678559590553,5.981362527958364
2025-05-28,26.949264917066042,55.19867574710308,1014.1189397581945,7.673276344205425,17.997427667756483
2025-05-29,30.520597230515207,52.068342753639364,1012.9178855196362,5.9409730772285325,7.584634184928232
2025-05-30,29.955892854791582,53.93753676904857,1018.9419663672404,7.402889819735972,2.981171982989699
2025-05-31,29.74682608598722,60.81600540669977,1025.634662129368,5.104238932950974,2.665509848675647
2025-06-01,29.821395547120773,59.76365007288411,1010.3456561353984,10.136333873036904,0.0
2025-06-02,27.649885064409226,52.593596574320614,1010.5528027874088,6.920107075765433,12.064878217177272
2025-06-03,29.354689051191524,58.20257092051578,1018.2208043853453,10.935143647162992,4.377302423897584
2025-06-04,29.355421007988273,61.68954300175099,1016.4094574481315,3.776417415185491,3.556160691274995
2025-06-05,27.218550712014935,49.814373191766265,1022.2335366286802,11.323520928857828,30.544860542758887
2025-06-06,32.25569929709347,61.109019196642244,1015.9196409266298,13.334115846435699,7.39002326692549
2025-06-07,29.347668561580008,55.31187610572745,1011.2035395460647,2.0250574297141783,0.0
2025-06-08,25.892240676119673,61.71265396073148,1015.9532741534615,11.496226279390289,1.5891392303556535
2025-06-09,29.461829430519394,55.279850067440414,1018.5435179029146,14.91067596989317,14.187565673574039
2025-06-10,26.072300381177076,50.30997001861793,1017.1024109059869,5.161435925235178,5.9061632843021155
2025-06-11,29.467879053323045,51.43658184963767,1015.5363701555365,16.690289547350815,0.0
2025-06-12,30.082089659380674,60.05624004324591,1018.3333734479457,11.676076037464181,12.353831476601627
2025-06-13,25.993903221092822,61.357485275239455,1018.8464779522284,7.179952576966365,0.0
2025-06-14,29.43160858597526,55.781811260440556,1019.9107949551876,9.776923689369175,19.986382209740363
2025-06-15,28.199264408060923,63.74227000478451,1016.2435494379482,12.23330765008689,13.640384525717188
2025-06-16,28.885965721582707,52.488939560666964,1012.1644095984158,10.304021565649647,1.4214248347299905
2025-06-17,30.90290990713195,60.71461861584331,1013.7335684321666,12.155023969785477,15.248130893880903
2025-06-18,26.485401211841744,55.23958629397369,1019.0325448325418,6.317305627682535,5.542844084219226
2025-06-19,25.33497303312992,58.28623440753002,1008.9153216450638,10.677443296144311,11.822189400977756
2025-06-20,24.92913846426732,62.03417962498513,1014.8433665443645,4.345142012380079,8.877862538355798
2025-06-21,24.941762548417735,57.74783982667659,1011.0333059383632,9.5550957546052,0.0
2025-06-22,26.283929266976294,60.38072349296744,1013.1437241146741,6.384369434140841,0.0
2025-06-23,26.984760053141425,67.58935885199445,1019.3922593130364,7.057880229640934,13.23968654064929
2025-06-24,26.71977517401904,59.92855269858613,1013.9554953400996,14.94437270084175,2.321797343147673
2025-06-25,27.684351917692698,67.24723789853698,1013.2321827407808,14.365240482377075,1.7708122940640263
2025-06-26,25.919275840729377,57.67658061988648,1006.2007192951004,12.436552483628708,0.0
2025-06-27,28.663362152852226,66.23096964231843,1016.7312678301361,5.630748941309684,8.38879252474769
2025-06-28,25.089778167391792,71.04704591478756,1016.2274209057053,8.734366201220793,21.50019935394516
2025-06-29,30.922044552105582,51.738578338876664,1023.8162736165273,14.852390799916733,0.0
2025-06-30,26.595512559566256,60.370190227579656,1011.461108825235,10.56686765455962,5.193755653382064
2025-07-01,23.4922324089845,67.4980840324957,1014.0957516383197,19.27731815992678,16.297764443323434
2025-07-02,22.927070978987285,63.85566811645471,1014.2469184185538,11.573271357577488,4.362868870034279
2025-07-03,25.896088855376867,66.98483432018688,1020.8872663988174,10.768196465960127,8.618974369997872
2025-07-04,24.346526907531242,62.367350669827886,1012.5235223380653,8.763534143189995,0.0
2025-07-05,26.08382312414794,66.07828243243246,1014.3951076288517,10.53416361912913,8.426456777661189
2025-07-06,25.464769030220747,65.1248129835265,1016.0394825485827,9.390120654477824,3.5028458799636097
2025-07-07,24.23525034081855,71.99970749680098,1013.9330456157818,12.832434706754363,12.885839965438905
2025-07-08,22.550118565325597,67.69015546376406,1010.7678319272474,13.826809267178337,14.49908841251801
2025-07-09,21.077033493654717,68.36289841720142,1013.9704499644915,6.8560421579682025,25.71650913614891
2025-07-10,23.076984676245313,64.87183783117638,1018.3681587492989,4.675068185768888,9.637065385708606
2025-07-11,25.546404013287948,64.74895683343564,1007.8674235029447,2.6551785075868137,7.606370532657332
2025-07-12,24.125731384752278,65.27931425497964,1013.6648483707344,12.031965307650175,6.555074412618688
2025-07-13,21.070389756771526,69.66875949777491,1009.4993959253042,5.586533575304506,2.1746696575144933
2025-07-14,23.772978733353757,65.84517094280233,1018.9752331446242,1.3884376281900686,7.707870747693529
2025-07-15,24.062467435939308,69.65168801607899,1005.3840654760811,11.554314418123857,2.6367887188877646
2025-07-16,21.38983976575284,78.83158904668637,1010.2053907636421,19.971998069731164,6.3476878101569145
2025-07-17,23.331272768043572,73.06095622437249,1014.8860593753226,9.975716353840427,15.540780284863677
2025-07-18,23.00709349506794,67.3248647300809,1020.8276201461717,13.353963097806567,0.0
2025-07-19,20.472214002745027,75.20952973880796,1012.6712486946351,10.32731743419026,14.119028489032363
2025-07-20,23.341872166508644,67.41031542399459,1010.224002366534,9.604441387235429,15.536920538718922
2025-07-21,23.616712725249855,59.50598293814812,1022.4057853472029,13.676305931951074,4.05545178407137
2025-07-22,24.530834628554313,64.90069567878093,1005.7599304979187,8.838901823245395,0.0
2025-07-23,24.34270560270394,60.830225084931726,1002.0059702168996,11.069569256287611,0.13742410324454024
2025-07-24,19.35095141824768,68.66813854073997,1015.2000722502667,11.286791224784054,15.375956372488874
2025-07-25,20.102686198538038,70.75771137400723,1010.489728878237,7.327638185427805,4.817055501608943
2025-07-26,22.88134832116559,79.28604071122341,1007.8938359143465,13.968169398146092,0.0
2025-07-27,22.752724231299446,72.77497625105514,1016.5417822364967,9.300160973218365,0.9618006301742605
2025-07-28,22.630092652855662,70.279502455499,1014.219003568856,6.977019362028621,11.724960212036425
2025-07-29,29.18131270650548,75.75480967117487,1010.1796068463163,12.146039374281614,9.373868545611035
2025-07-30,22.49452747331866,60.782923857587456,1006.5984780066456,6.406128072835851,3.0885432066424454
2025-07-31,23.501855218970285,73.24546540565079,1017.3622866414007,10.112724629476514,2.0654047054824995
2025-08-01,23.017821870116883,76.14841657606519,1016.2510058897933,9.963524013423186,1.8659348076494249
2025-08-02,22.292847995045392,65.12569597278741,1012.5041206811031,14.343582263326311,0.0
2025-08-03,20.24096238259249,78.45970608127243,1022.2331849802383,11.89879293151981,17.923005515755534
2025-08-04,22.272098055691067,74.65343275990108,1007.6495761683692,9.899892165019425,2.421436246309281
2025-08-05,19.09242606259965,71.10216700860576,1005.3723741453763,13.271065196801148,14.737268166603972
2025-08-06,20.049648687238573,76.55774826668407,1009.5404596505938,15.560830196069254,17.17052841537961
2025-08-07,19.439094761107196,84.96004830758685,1012.7720699182225,12.231241225407448,12.986487185183684
2025-08-08,20.461466260432857,74.72611005967957,1014.2166972466134,10.041410479373523,1.5470374982556128
2025-08-09,24.816324627547637,75.26546387987553,1011.7938197107184,4.752655070599362,8.229840722692876
2025-08-10,16.34319281510988,71.9324645017487,1014.7602769825714,5.73954534769851,4.806435148872671
2025-08-11,21.34241786398235,70.18222037161357,1006.7423028790478,8.779101182581329,0.0
2025-08-12,16.63813055172819,78.78249978126969,1020.2188230203662,7.561951191362867,7.594874253772824
2025-08-13,18.814885410748452,70.54692622859193,1012.5892441080372,9.252114788058217,0.0
2025-08-14,21.833390280226467,75.37878914929996,1018.5864791579406,10.226599699588428,14.50143510769251
2025-08-15,19.682372762374797,72.82331390832967,1014.7136267318886,12.118771017426923,1.2830616216128554
2025-08-16,17.298260629045572,77.79411753203662,1015.2837660957689,9.718004887763636,6.609277246982714
2025-08-17,17.924723700622643,77.2520646780424,1015.8488364011611,11.946006575304807,7.266302972369138
2025-08-18,20.61778018846166,80.95285342642892,1015.2385428000865,10.25789765924048,2.9287602103673813
2025-08-19,17.702806303873825,73.39328131702358,1016.2136137993377,2.098133734584515,9.693550411802198
2025-08-20,19.503141092375184,74.76895548626209,1019.6457626506622,6.242658424724983,1.2007707470198046
2025-08-21,19.06980905955156,71.3961838340686,1013.9826058485073,9.423649777113539,11.970378379657953
2025-08-22,17.585690402464024,74.23686289147759,1016.5450187879426,5.16122102863557,0.0
2025-08-23,23.088815847714326,78.50976308572987,1012.5513215285639,12.399714919984818,6.011036636371294
2025-08-24,19.982639204006308,80.56969090940748,1020.2005860772474,16.12300332937479,20.511431992466278
2025-08-25,14.580251916423865,72.3319163358511,1009.6180384897036,14.875047406789268,0.0
2025-08-26,18.921069058971298,81.44522879534247,1022.004702164554,9.146228516279168,0.0
2025-08-27,17.1441226588959,84.02626006571349,1012.7992102467783,15.962904547399809,9.11126279727132
2025-08-28,20.09403307980117,79.46248749697715,1005.8461244894097,10.594669828808446,6.436654255516784
2025-08-29,16.727554687785506,86.92286125406989,1013.6405220745539,8.651656115527842,7.805040794188473
2025-08-30,18.008534658241693,73.80978986477808,1009.5947417126256,7.546389345836241,8.913497041181309
2025-08-31,19.175397199962298,71.59155902969032,1017.2032177449436,8.790121254047486,10.07777174849416
2025-09-01,19.826373363940952,69.05353067622728,1009.736880103488,8.447292725835085,13.877598735649785
2025-09-02,15.625756636213874,85.55581633808573,1010.7690828339261,10.68166488950195,8.2785492554281
2025-09-03,17.29089989652982,81.47201134137332,1003.5522963452723,10.642295924199459,3.0699387630516606
2025-09-04,16.945650796642145,78.04293648489012,1010.7384684037546,10.012184080613657,10.38058960962185
2025-09-05,16.526627208973306,79.83743249262274,1000.8806033668552,11.7477526789854,20.199055479161725
2025-09-06,21.304062061964718,72.92289179837839,1005.0804858825713,14.762585099145365,3.938930028939412
2025-09-07,18.52512638116818,90.88782934949738,1016.8020732807215,13.798216541765296,0.0
2025-09-08,15.137563082854763,79.40986030076704,1016.9290007932542,4.060408126200386,13.856645354295782
2025-09-09,19.441398116564805,79.41133480592086,1015.1272878089248,0.2156845396078193,4.036950688371214
2025-09-10,21.798520945721428,82.58969208506315,1008.165119284354,13.737279644957095,0.0
2025-09-11,19.569879750738842,81.45826635311504,1012.7614432192901,4.532485206338316,11.779373417203374
2025-09-12,14.419170920968611,80.26083727225198,1012.9819873045471,9.100938392429265,0.7173745123686182
2025-09-13,16.444639214170124,75.27305142295602,1007.2081765540373,5.319547895762562,4.275733741566714
2025-09-14,19.90437432532968,81.66255673513666,1020.5169915088358,2.7920782496799212,7.655842644552116
2025-09-15,15.914918532864066,88.79088973718461,1017.3868114528783,12.165850912819153,6.523997438232531
2025-09-16,18.179874467779268,86.17915845923713,1011.8951791308517,13.036620641210588,10.675614537112317
2025-09-17,18.80576584266616,87.48499987855794,1013.1344291949727,7.693958397093122,1.5161090354412532
2025-09-18,15.369193483811346,77.02569456727998,1014.0419140397378,0.36416916857963955,9.104846385408662
2025-09-19,17.072864882817456,74.69213415819262,1002.7913256578786,7.8150222069900686,2.9236265793286624
2025-09-20,10.680555786697937,79.06527077418411,1011.764113087397,11.567216021610186,10.910483847100025
2025-09-21,15.087812301491564,80.02252284114321,1009.590078760011,4.084353724903485,9.922939872104427
2025-09-22,16.60727849750304,85.26017984181219,1007.9918999505254,10.733439679116623,0.0
2025-09-23,14.595012914211578,71.367840704911,1011.5944985355702,9.938760603308017,13.687856929400258
2025-09-24,20.335910095915633,87.5144625572049,1021.9884326342476,12.317165998404354,0.7122924390876157
2025-09-25,14.19366244993942,79.10881324611627,1016.2042143063351,10.478321473656614,11.46446238624916
2025-09-26,16.159068537800454,77.79217431677337,1010.1441050510861,6.1077242364737785,7.938298507210725
2025-09-27,17.288209940538824,74.88936165001171,1015.8629139067808,14.786286006657965,19.70546941436098
2025-09-28,19.899209291209093,71.69447405365203,1019.99677718293,9.36588170789212,3.212272141025183
2025-09-29,14.137237972960854,84.09904865358507,1017.6231684145638,9.890781841960273,2.20546563105442
2025-09-30,19.32995725881106,80.35978404625239,1013.2981518496009,6.266928163707216,4.844643152898139
2025-10-01,17.021132852801273,73.5489453811158,1009.7653161114721,8.22687099523396,2.5745617373257965
2025-10-02,15.037056780014577,73.52446723572477,1016.4911165680679,6.460789143892397,11.3995352155364
2025-10-03,17.926058932687415,78.31760403324773,1014.9674269271087,9.308215760306307,0.0
2025-10-04,17.40411930122947,88.33385779504222,1017.4759661001386,16.846833920569374,0.0
2025-10-05,15.812082876437895,78.67857456051544,1016.1758590084098,4.512395428274575,0.0
2025-10-06,17.161004385114794,72.4441598310318,1018.2477635765966,3.5457544084930355,12.602460735788606
2025-10-07,16.262020837099048,78.71006962177796,1010.3238239421971,15.884681309974434,18.684906980655402
2025-10-08,17.27329143535088,78.54965075467092,1019.5869703281717,9.162705291392536,4.164406251700228
2025-10-09,18.386483673698635,66.39889992656113,1013.987998023462,7.323709045360333,3.6494262144799148
2025-10-10,20.252573671591882,79.57751309372122,1023.3763043631263,14.159618749584306,5.560417304905451
2025-10-11,14.62557346319441,78.6555689848664,1009.5540609095522,7.577537841052544,14.295026420865524
2025-10-12,21.390276215295795,83.24813907534848,1021.6798190158263,17.304038854187745,0.0
2025-10-13,13.245372638782122,88.96437752880087,1013.9895539173133,12.711703485357077,6.906951861878281
2025-10-14,16.87364307788358,85.30055027032364,1009.7429099819277,8.04835436741719,12.801581038259439
2025-10-15,18.38383077158979,78.26706337481215,1010.5805708297283,18.629232853062014,9.008753359518762
2025-10-16,17.80147236065801,74.01832928406425,1011.3982634590284,7.577140307986646,6.516652932789947
2025-10-17,16.02868145911997,92.35289808107213,1015.1208297320096,12.968381488037227,13.00836874053713
2025-10-18,16.89471722830704,79.71303892815695,1015.6141774401775,11.197170321625968,0.0
2025-10-19,16.36411951794709,79.41316885844333,1010.1314999803071,15.206965157595192,10.423002556247262
2025-10-20,16.212818355750347,79.1452223088773,1012.8782270386951,16.24604478690741,0.0
2025-10-21,19.134433094624907,80.17436961524642,1023.7113517930593,10.128016596263066,0.0
2025-10-22,18.19518250839493,78.37603880950871,1021.6377158505036,6.986328518615267,9.089620796199846
2025-10-23,16.143482978895292,76.1392483979427,1015.1816183483702,11.839888571756466,15.989268361303662
2025-10-24,19.37886628223293,76.17883054748599,1013.190017390841,7.2891385209915756,3.900411882978465
2025-10-25,18.246828740020142,78.65080296466954,1013.6001566335913,18.053548990106492,12.622996377623512
2025-10-26,19.312700332195252,75.99479596711117,1016.0675898636521,10.54614132433095,17.898226063909163
2025-10-27,19.003147181426137,75.04097827865372,1007.8860371740079,8.538713794751565,15.519315628672379
2025-10-28,16.144963020937908,79.02661418324314,1011.7131173128832,10.738721223459633,18.119716234971143
2025-10-29,16.743787147929673,77.10483410978895,1004.6570796306121,4.611494841881214,10.937019928575138
2025-10-30,19.422047130699614,85.7809775920639,1014.9961156130264,6.113543845957394,5.603469111212743
2025-10-31,19.213606889712985,64.8835265351986,1016.2359796985137,14.801655631777702,0.0
2025-11-01,18.01854597423493,83.46937958055628,1010.5840676885032,7.3724228841144175,3.0315000949604114
2025-11-02,18.36454310041114,84.11188533662519,1020.8699338164502,5.812356069272242,0.0
2025-11-03,20.756793059356628,67.38030521087217,1006.8711716849883,12.146611010109144,22.36754173998251
2025-11-04,17.091909977252516,75.89583811411543,1005.6781255989509,14.742816618651988,3.5929135005413073
2025-11-05,19.444829751413614,75.61035506550816,1014.1222590927998,12.875813242660268,5.985638454275885
2025-11-06,18.023802268712895,70.28458982594712,1018.2354915130608,13.984190743223266,9.411883008323741
2025-11-07,18.07232512148667,73.28400244715604,1021.4196384572894,6.972819645722157,5.34881957097963
2025-11-08,20.786664998576967,71.46753709529101,1010.7055786856553,4.312757333032625,18.560408323446026
2025-11-09,20.32326744392184,85.62553706846978,1018.3934041671565,16.005334607821947,0.018805106124384352
2025-11-10,20.384652463435067,81.38282973179895,1012.8074576524965,8.709280644631457,6.556859641897942
2025-11-11,21.455638999237152,82.89899787822986,1012.1368635002959,8.996667934179811,0.0
2025-11-12,18.97556121543702,79.98294744739462,1017.4182996874333,15.31277656739623,0.0
2025-11-13,20.388129241017484,70.55932245936218,1016.2616143920671,12.22492003760264,0.10584727275771666
2025-11-14,18.4961303031012,73.40865401306093,1005.1180392150787,11.82355108832643,4.703705623612704
2025-11-15,19.859180398609585,78.30153338057828,1020.3827017486295,18.660009379604336,1.5655822038619203
2025-11-16,19.04646091301043,69.56421028976689,1019.9004567707373,7.425927078479428,0.0
2025-11-17,19.59832531357226,79.05686705663665,1009.8721864924523,13.711360512324948,0.0
2025-11-18,20.69389191308449,74.10416451756434,1014.979017667187,10.228052499588339,4.335155418970442
2025-11-19,17.96800968286949,73.2425502447462,1015.4701509314137,11.074369115453027,0.0
2025-11-20,23.89169760543269,78.47931911465164,1014.3033688291196,16.11387370565013,11.080447709516822
2025-11-21,17.79892874872074,76.95075997295493,1010.2484742307729,12.031343025158495,5.659518023476027
2025-11-22,17.488164367303117,72.72665368425727,1009.6418831603097,12.153184316198532,0.0
2025-11-23,22.33984775947319,80.12735024343425,1012.8722296450428,14.290029349239209,2.5263273836010924
2025-11-24,21.715510427004862,68.7218364137274,1018.8636450962969,8.540189081828458,0.0
2025-11-25,21.4904261384182,77.00057833913277,1015.7180007729721,6.6431613306439745,7.5533960833534435
2025-11-26,21.61028883089815,76.67751039164895,1011.1469283395695,5.820763223915866,15.723603568185156
2025-11-27,20.441892403977224,71.95279414779682,1016.8584935532417,2.134573642495993,0.0
2025-11-28,18.786008751687376,74.9171948087249,998.7572868968497,18.22482851976129,5.920208633179337
2025-11-29,20.847567744081058,66.81450969114798,1018.7438285018605,5.5871665371132675,3.718937635466877
2025-11-30,19.458351718051375,77.47136920651776,1004.3014311061095,9.114985505656913,10.370720611603726
2025-12-01,22.880871916018666,71.70555347556662,1011.1877952929843,8.892746800444318,6.705573025901513
2025-12-02,20.755680835715903,69.79301814980445,1007.4016505268693,11.229626791236402,0.0
2025-12-03,19.519134885488672,77.42605373092127,1006.5265926213955,13.262948850157187,2.4475685146670547
2025-12-04,20.6488261494712,68.43153561082897,1018.8041339368926,13.441893953438981,0.0
2025-12-05,22.240028174627962,64.68113364428835,1010.6614939934406,7.667690245724247,13.608057108788786
2025-12-06,20.4103461539886,63.708488020636956,1014.7325194086536,9.331513144854354,5.170493189375538
2025-12-07,20.0180103879686,74.28795379591296,1012.765397105604,11.130319801953199,20.20952548602406
2025-12-08,22.275470509336035,64.6201730756082,1015.3852041361156,9.005235495265811,4.514713489483034
2025-12-09,22.404625892268587,79.55892200357594,1013.3841094553013,16.429382304079972,0.0
2025-12-10,21.028317306132358,60.13622110394149,1006.5850388790572,11.963899806553005,0.0
2025-12-11,21.228514411352375,78.78742367409576,1017.9813340972357,12.939511144199269,0.0
2025-12-12,22.763916677962367,71.11793082992479,1010.5312170841935,12.651525074669651,0.0
2025-12-13,19.533674023466432,69.33547936603352,1005.2170905067012,14.6938954299413,7.137013208091867
2025-12-14,19.745702653996574,66.8492229357996,1010.8594241951704,10.724086234814827,9.06980018583947
2025-12-15,21.25525209445025,71.3229170649695,1020.5037989531716,4.812672208176614,0.0
2025-12-16,22.397440436303462,68.89119885088733,1017.2511087105675,11.598751807010567,12.160306512608923
2025-12-17,23.578988770266506,74.34680883682543,1011.2567393279608,7.394572424832684,1.135511586532484
2025-12-18,26.041330305851503,69.15122973339945,1011.2537114784078,7.885533273000973,6.174344095884395
2025-12-19,24.939947142370706,69.08033150237189,1011.391824743913,12.345456075020373,17.897765026043395
2025-12-20,23.039286941124193,66.25850643696002,1023.3837399178042,14.953132285734544,12.174714526924255
2025-12-21,23.45615390544867,67.53867252904331,1014.9096772611578,10.085086306944246,2.8517548167533415
2025-12-22,21.62459611727256,69.10840600718247,1015.1502082359553,11.235332050395854,0.0
2025-12-23,23.728503162700974,58.763790346681084,1018.1514172701592,16.808859778540953,0.0
2025-12-24,23.324452545253603,60.31825447117041,1014.1939457951325,10.963012717954273,0.0
2025-12-25,24.683772761481357,70.51944114360387,1011.7047892708965,20.406732456721578,3.3109580893784445
2025-12-26,22.52072453331587,67.40085265235123,1012.0182507545751,12.262038582526177,0.0
2025-12-27,25.350974638582773,65.3695552992983,1012.6419937029297,2.956948963376729,3.9499442632615622
2025-12-28,27.515058411586587,66.12420606736177,1012.8138888174508,13.01336648441813,5.614815063670146
2025-12-29,24.369522365300252,67.51220353515717,1016.6381477181849,11.524633539531111,3.2011521455353718
2025-12-30,25.528050551215916,62.81752577279438,1013.2597294290365,15.159011016330982,0.0
2025-12-31,26.24258113417554,61.366676715325966,1016.6632003860778,12.692725405079834,6.349237375733821
